{"cameraMode":{"drawMode":0,"name":"Shaded","section":"Shading Mode"},"sceneLighting":true,"audioPlay":false,"sceneViewState":{"showFog":true,"showMaterialUpdate":false,"showSkybox":true,"showFlares":true,"showImageEffects":true,"showParticleSystems":true},"in2DMode":false,"pivot":{"x":-4.5214056968688969,"y":2.359354019165039,"z":-1.5806996822357178},"rotation":{"x":-0.014850178733468056,"y":0.9757664799690247,"z":-0.20676347613334657,"w":-0.07008164376020432},"size":3.854645013809204,"orthographic":false}