{"cameraMode":{"drawMode":0,"name":"Shaded","section":"Shading Mode"},"sceneLighting":false,"audioPlay":false,"sceneViewState":{"showFog":true,"showMaterialUpdate":false,"showSkybox":false,"showFlares":true,"showImageEffects":true,"showParticleSystems":true},"in2DMode":false,"pivot":{"x":2.0299999713897707,"y":1.0931639671325684,"z":-3.0},"rotation":{"x":-0.014850178733468056,"y":0.9757664799690247,"z":-0.20676347613334657,"w":-0.07008164376020432},"size":1.3278748989105225,"orthographic":false}